{"train_loss": [1.10212, 0.92093, 0.68257, 0.5891, 0.4242, 0.36706, 0.30108, 0.23704, 0.17659, 0.14352, 0.13258, 0.11727, 0.12102, 0.11538, 0.08568, 0.08497, 0.06823, 0.05474, 0.06437, 0.0699, 0.05898, 0.04837, 0.04544, 0.05341, 0.04726, 0.05032, 0.03351, 0.09704, 0.03731, 0.04076, 0.04699, 0.03702, 0.03247, 0.03724, 0.03382, 0.05903, 0.03358, 0.03749, 0.02486, 0.03327, 0.03224, 0.02363, 0.02613, 0.02121, 0.01689, 0.0307, 0.02339, 0.02812, 0.02153, 0.02282, 0.02341, 0.01489, 0.02297, 0.01903, 0.01855, 0.01927, 0.03447, 0.02129, 0.01605, 0.01616, 0.01985, 0.02315, 0.01425, 0.01437, 0.01538, 0.02402, 0.01713, 0.0204, 0.01638, 0.03026, 0.01738, 0.01182, 0.01721, 0.01359, 0.02478, 0.01246, 0.01156, 0.01231, 0.01835, 0.01525, 0.01112, 0.02145, 0.01476, 0.0163, 0.01377, 0.01193, 0.01426, 0.01504, 0.02261, 0.01443, 0.01721, 0.01111, 0.01755, 0.02965, 0.01246, 0.0146, 0.01534, 0.01614, 0.01331, 0.00942], "val_loss": [0.11461, 0.20742, 0.19345, 0.1381, 0.09041, 0.07202, 0.07422, 0.07084, 0.04107, 0.04265, 0.04098, 0.03412, 0.02933, 0.02394, 0.01985, 0.01677, 0.01672, 0.01608, 0.01928, 0.01523, 0.01247, 0.01121, 0.01009, 0.00951, 0.00939, 0.00976, 0.01022, 0.01106, 0.01105, 0.01058, 0.00935, 0.00909, 0.00841, 0.00934, 0.00838, 0.00929, 0.00805, 0.00721, 0.00767, 0.00845, 0.0086, 0.00749, 0.00786, 0.00726, 0.00714, 0.00791, 0.0078, 0.00843, 0.00757, 0.00736, 0.00817, 0.00752, 0.00747, 0.0065, 0.00711, 0.00708, 0.00585, 0.0052, 0.00567, 0.00479, 0.00499, 0.0063, 0.00632, 0.00541, 0.00509, 0.00568, 0.00563, 0.00582, 0.00489, 0.00687, 0.00627, 0.00552, 0.00535, 0.00586, 0.00551, 0.00524, 0.0052, 0.00491, 0.00539, 0.00466, 0.00607, 0.00659, 0.00547, 0.0054, 0.00478, 0.00529, 0.00487, 0.0047, 0.00576, 0.00606, 0.00574, 0.00533, 0.00489, 0.00499, 0.00477, 0.00482, 0.00532, 0.00605, 0.00565, 0.00497], "train_mae": [264965.82, 356871.88, 322725.47, 273021.95, 209115.96, 205261.33, 186682.06, 188825.0, 138009.43, 120704.87, 134242.14, 111240.59, 107495.38, 101450.76, 97377.28, 96358.61, 76816.69, 67674.28, 64710.69, 63466.21, 58223.23, 65637.08, 66649.27, 61298.04, 47935.14, 56816.46, 49137.21, 46699.15, 47966.55, 62710.85, 53330.28, 53688.82, 47167.17, 46699.1, 45483.96, 63370.44, 55601.5, 43511.5, 51257.99, 41541.66, 40688.8, 36059.95, 44270.7, 46417.14, 44230.09, 38412.33, 39152.15, 43947.29, 43288.95, 35191.12, 37436.08, 40739.03, 38664.34, 37997.39, 34369.67, 34945.41, 34606.09, 32534.93, 43253.43, 35763.01, 29663.71, 44065.93, 37340.04, 35702.08, 35597.93, 50541.66, 42113.9, 33372.7, 37989.03, 51475.91, 29859.44, 27343.39, 26558.68, 31118.61, 30771.78, 31862.46, 32783.36, 29589.83, 33135.63, 32278.98, 35833.8, 36054.54, 29478.33, 31483.69, 29840.66, 36204.97, 30244.49, 33165.92, 42565.43, 31851.3, 25390.5, 25109.71, 24694.39, 26163.06, 27857.1, 26431.97, 29257.13, 26139.59, 25793.51, 28592.68], "val_mae": [237542.14, 332799.86, 287035.71, 240257.97, 190798.94, 182293.94, 174487.96, 169554.05, 115337.27, 107827.75, 119875.97, 97110.48, 94434.02, 86170.38, 82246.17, 79594.03, 62303.49, 61124.41, 61496.91, 64658.99, 53333.07, 56986.24, 58979.1, 58497.9, 49682.69, 54281.25, 47513.47, 50043.86, 47244.9, 62503.84, 48836.14, 52418.26, 46490.6, 50483.01, 42613.02, 52678.75, 47606.49, 42244.38, 41592.17, 38734.29, 41155.87, 36534.05, 41172.04, 45096.84, 46872.06, 40110.65, 37216.52, 41326.13, 38727.37, 41351.12, 44185.8, 44628.94, 38940.15, 35671.11, 40075.71, 39534.17, 35367.42, 34938.47, 38915.92, 34804.78, 35870.49, 38773.2, 37436.66, 33542.56, 31688.47, 35839.68, 32771.12, 31196.71, 32188.1, 39971.7, 35471.84, 27373.77, 27966.4, 29817.66, 31733.17, 33539.47, 32879.16, 31848.67, 30360.22, 28939.75, 31594.12, 30955.85, 27796.99, 31491.4, 29609.46, 30187.91, 29544.7, 27116.37, 33308.37, 28568.04, 27598.29, 26548.87, 28485.55, 29055.78, 26733.77, 24997.07, 28731.76, 28426.47, 26544.43, 24857.97], "lr": [0.001, 0.001, 0.001, 0.001, 0.001, 0.001, 0.001, 0.001, 0.001, 0.001, 0.001, 0.001, 0.001, 0.001, 0.001, 0.001, 0.001, 0.001, 0.001, 0.001, 0.001, 0.001, 0.001, 0.001, 0.001, 0.001, 0.001, 0.001, 0.001, 0.001, 0.001, 0.001, 0.001, 0.001, 0.001, 0.001, 0.001, 0.001, 0.001, 0.001, 0.001, 0.001, 0.001, 0.001, 0.001, 0.001, 0.001, 0.001, 0.001, 0.001, 0.001, 0.001, 0.001, 0.001, 0.001, 0.001, 0.001, 0.001, 0.001, 0.001, 0.001, 0.001, 0.001, 0.001, 0.001, 0.001, 0.001, 0.001, 0.001, 0.001, 0.001, 0.0005, 0.0005, 0.0005, 0.0005, 0.0005, 0.0005, 0.0005, 0.0005, 0.0005, 0.0005, 0.0005, 0.0005, 0.0005, 0.0005, 0.0005, 0.0005, 0.0005, 0.0005, 0.0005, 0.0005, 0.00025, 0.00025, 0.00025, 0.00025, 0.00025, 0.00025, 0.00025, 0.00025, 0.00025], "epochs": [1, 2, 3, 4, 5, 6, 7, 8, 9, 10, 11, 12, 13, 14, 15, 16, 17, 18, 19, 20, 21, 22, 23, 24, 25, 26, 27, 28, 29, 30, 31, 32, 33, 34, 35, 36, 37, 38, 39, 40, 41, 42, 43, 44, 45, 46, 47, 48, 49, 50, 51, 52, 53, 54, 55, 56, 57, 58, 59, 60, 61, 62, 63, 64, 65, 66, 67, 68, 69, 70, 71, 72, 73, 74, 75, 76, 77, 78, 79, 80, 81, 82, 83, 84, 85, 86, 87, 88, 89, 90, 91, 92, 93, 94, 95, 96, 97, 98, 99, 100], "timestamps": ["2026-03-26T13:58:06.562644"]}